year,era,zone,x,y,plate_x,plate_z,events,outcome
2014,Pre-Statcast (2014 Breakout),6,3,2,0.6525954374997438,2.934875247294628,single,Hit
2014,Pre-Statcast (2014 Breakout),6,3,2,0.710308894839945,2.2669048035156525,field_out,Out
2014,Pre-Statcast (2014 Breakout),9,3,1,0.4484336575546799,1.83264909923886,field_out,Out
2014,Pre-Statcast (2014 Breakout),9,3,1,0.46630758974527386,2.126673813836502,field_out,Out
2014,Pre-Statcast (2014 Breakout),4,1,2,-0.5899785927434958,2.587466118065851,field_out,Out
2014,Pre-Statcast (2014 Breakout),3,3,3,0.6315243884651771,3.0133773541466846,field_out,Out
2014,Pre-Statcast (2014 Breakout),2,2,3,-0.12346864527571444,3.375484245513193,field_out,Out
2014,Pre-Statcast (2014 Breakout),6,3,2,0.5267862593957214,2.316063552143103,field_out,Out
2014,Pre-Statcast (2014 Breakout),5,2,2,0.15175764560487837,2.8452944441410946,field_out,Out
2014,Pre-Statcast (2014 Breakout),8,2,1,0.07837649615064946,1.9266622088568788,double,Hit
2014,Pre-Statcast (2014 Breakout),6,3,2,0.505822219582158,2.272734875732391,single,Hit
2014,Pre-Statcast (2014 Breakout),4,1,2,-0.47182211333107055,2.2400279821403086,single,Hit
2014,Pre-Statcast (2014 Breakout),3,3,3,0.607008037664995,3.1805659084337794,field_out,Out
2014,Pre-Statcast (2014 Breakout),8,2,1,0.212682887196654,1.7421531124390164,strikeout,Out
2014,Pre-Statcast (2014 Breakout),6,3,2,0.6250020063177055,2.517688207593832,strikeout,Out
2014,Pre-Statcast (2014 Breakout),5,2,2,0.15199675773126364,2.835266363458017,single,Hit
2014,Pre-Statcast (2014 Breakout),7,1,1,-0.6064756008481467,2.215805765058163,field_out,Out
2014,Pre-Statcast (2014 Breakout),6,3,2,0.30506059622413995,2.468645309436834,field_out,Out
2014,Pre-Statcast (2014 Breakout),8,2,1,-0.26137045094071854,2.2283785134235226,single,Hit
2014,Pre-Statcast (2014 Breakout),5,2,2,0.16146774605651854,2.3037384536622363,single,Hit
2014,Pre-Statcast (2014 Breakout),6,3,2,0.7889931119227765,2.7749411114045204,strikeout,Out
2014,Pre-Statcast (2014 Breakout),9,3,1,0.5222865086714836,1.983220878239779,single,Hit
2014,Pre-Statcast (2014 Breakout),7,1,1,-0.38471031021030416,2.185930686623899,double,Hit
2014,Pre-Statcast (2014 Breakout),4,1,2,-0.495244084795137,2.599819067778919,single,Hit
2014,Pre-Statcast (2014 Breakout),4,1,2,-0.6223825425856273,2.913174305622254,grounded_into_double_play,Out
2014,Pre-Statcast (2014 Breakout),7,1,1,-0.2926348548731187,1.7835609462855095,single,Hit
2014,Pre-Statcast (2014 Breakout),6,3,2,0.46304155793817214,2.2904208264736043,single,Hit
2014,Pre-Statcast (2014 Breakout),5,2,2,-0.0672645478791738,2.2508607812132153,single,Hit
2014,Pre-Statcast (2014 Breakout),6,3,2,0.33939336425693223,2.825517364727564,home_run,Hit
2014,Pre-Statcast (2014 Breakout),8,2,1,-0.21927880968755345,1.7815273612699534,double,Hit
2014,Pre-Statcast (2014 Breakout),7,1,1,-0.729714440788585,2.0716868895440834,single,Hit
2014,Pre-Statcast (2014 Breakout),6,3,2,0.4039244951017016,2.6185511866367137,home_run,Hit
2014,Pre-Statcast (2014 Breakout),9,3,1,0.5160830636890834,2.053010664899496,strikeout,Out
2014,Pre-Statcast (2014 Breakout),3,3,3,0.4706689837676877,3.399567170397781,strikeout,Out
2014,Pre-Statcast (2014 Breakout),9,3,1,0.46457015607996177,2.204346039303737,field_out,Out
2014,Pre-Statcast (2014 Breakout),4,1,2,-0.8091459577624613,2.329905336697122,home_run,Hit
2014,Pre-Statcast (2014 Breakout),8,2,1,-0.0609783981812832,2.0193568941734843,field_out,Out
2014,Pre-Statcast (2014 Breakout),8,2,1,0.12414972844387928,2.2277001292715974,triple,Hit
2014,Pre-Statcast (2014 Breakout),7,1,1,-0.6972986450288633,1.5928101606922975,strikeout,Out
2014,Pre-Statcast (2014 Breakout),5,2,2,-0.13826674948773263,2.723355589026485,home_run,Hit
2014,Pre-Statcast (2014 Breakout),4,1,2,-0.7197918793449256,2.5751820114478727,field_out,Out
2014,Pre-Statcast (2014 Breakout),8,2,1,0.0965048345137468,1.596241758659294,force_out,Out
2014,Pre-Statcast (2014 Breakout),7,1,1,-0.3648886396394158,2.20797904423498,strikeout,Out
2014,Pre-Statcast (2014 Breakout),1,1,3,-0.35041597448832396,3.1344684828033262,force_out,Out
2014,Pre-Statcast (2014 Breakout),7,1,1,-0.43381385068017697,1.878162146852848,field_out,Out
2014,Pre-Statcast (2014 Breakout),5,2,2,-0.02785744742220575,2.4533370171824025,single,Hit
2014,Pre-Statcast (2014 Breakout),7,1,1,-0.5799751771803459,1.7393977947662909,single,Hit
2014,Pre-Statcast (2014 Breakout),4,1,2,-0.7497379100923616,2.3832229945973027,single,Hit
2014,Pre-Statcast (2014 Breakout),6,3,2,0.7799776672155286,2.304058793079945,force_out,Out
2014,Pre-Statcast (2014 Breakout),8,2,1,0.0269813482617709,1.8736382744789408,field_out,Out
2014,Pre-Statcast (2014 Breakout),4,1,2,-0.4065644095927717,2.2821457413241135,single,Hit
2014,Pre-Statcast (2014 Breakout),9,3,1,0.4057385506292244,1.9336823218136685,field_out,Out
2014,Pre-Statcast (2014 Breakout),6,3,2,0.615094384712865,2.906499881115781,strikeout,Out
2014,Pre-Statcast (2014 Breakout),8,2,1,-0.10235255285103084,1.6964175213082513,field_out,Out
2014,Pre-Statcast (2014 Breakout),7,1,1,-0.6368828157784912,1.8588288486276752,single,Hit
2014,Pre-Statcast (2014 Breakout),6,3,2,0.6563558305108974,2.3534001902548036,force_out,Out
2014,Pre-Statcast (2014 Breakout),3,3,3,0.3452127783863216,3.3756485182934775,strikeout,Out
2014,Pre-Statcast (2014 Breakout),2,2,3,0.07373999503976186,3.5321938439874216,strikeout,Out
2014,Pre-Statcast (2014 Breakout),6,3,2,0.5821558719280615,2.507144077240966,strikeout,Out
2014,Pre-Statcast (2014 Breakout),4,1,2,-0.6574869129714196,2.5150650512650494,strikeout,Out
2014,Pre-Statcast (2014 Breakout),6,3,2,0.5518477197548183,2.6156199686101034,single,Hit
2014,Pre-Statcast (2014 Breakout),6,3,2,0.38359257307745886,2.550888238344096,home_run,Hit
2014,Pre-Statcast (2014 Breakout),4,1,2,-0.5919449532200571,2.4190955734162314,single,Hit
2014,Pre-Statcast (2014 Breakout),6,3,2,0.5709128537395679,2.4069542418431107,home_run,Hit
2014,Pre-Statcast (2014 Breakout),8,2,1,-0.13388401086990998,2.2184874555411107,strikeout,Out
2014,Pre-Statcast (2014 Breakout),9,3,1,0.487849392676851,1.7194609905850222,strikeout,Out
2014,Pre-Statcast (2014 Breakout),4,1,2,-0.6374670703497514,2.855815473491514,single,Hit
2014,Pre-Statcast (2014 Breakout),9,3,1,0.554072881822818,2.2015570206434942,strikeout,Out
2014,Pre-Statcast (2014 Breakout),4,1,2,-0.8040207395868187,2.658727137130807,double_play,Out
2014,Pre-Statcast (2014 Breakout),7,1,1,-0.4359354082898904,1.5394047333955858,strikeout,Out
2014,Pre-Statcast (2014 Breakout),8,2,1,-0.21720085379012757,1.9442746967881788,field_out,Out
2014,Pre-Statcast (2014 Breakout),6,3,2,0.3703081876545875,2.4070718590855513,double,Hit
2014,Pre-Statcast (2014 Breakout),5,2,2,0.1098718443455613,2.7688615879572747,field_out,Out
2014,Pre-Statcast (2014 Breakout),9,3,1,0.6575065232038664,1.9935099759812431,field_out,Out
2014,Pre-Statcast (2014 Breakout),3,3,3,0.6457808802446194,3.0873839949136004,strikeout,Out
2014,Pre-Statcast (2014 Breakout),7,1,1,-0.7917842791477543,1.7331976200830828,double,Hit
2014,Pre-Statcast (2014 Breakout),9,3,1,0.7507796165637892,1.6337952103414135,single,Hit
2014,Pre-Statcast (2014 Breakout),4,1,2,-0.5813482437821035,2.482115443156813,field_out,Out
2014,Pre-Statcast (2014 Breakout),5,2,2,-0.13427565479874182,2.9187853056900392,field_out,Out
2014,Pre-Statcast (2014 Breakout),3,3,3,0.7909110493800369,3.1606414550283035,strikeout,Out
2014,Pre-Statcast (2014 Breakout),8,2,1,-0.03580403218463557,1.52278239765392,field_out,Out
2014,Pre-Statcast (2014 Breakout),4,1,2,-0.4908018852472221,2.6050729386658458,strikeout,Out
2014,Pre-Statcast (2014 Breakout),1,1,3,-0.6932030651840424,3.1676018118244755,single,Hit
2014,Pre-Statcast (2014 Breakout),1,1,3,-0.3619093612991572,3.280263608154723,strikeout,Out
2014,Pre-Statcast (2014 Breakout),1,1,3,-0.5884554463937139,3.0682975257351357,strikeout,Out
2014,Pre-Statcast (2014 Breakout),4,1,2,-0.5052921573433256,2.888593885029139,double,Hit
2014,Pre-Statcast (2014 Breakout),6,3,2,0.48600411312336966,2.3617520624715898,single,Hit
2014,Pre-Statcast (2014 Breakout),8,2,1,0.05160665924498997,2.2254796789994495,single,Hit
2014,Pre-Statcast (2014 Breakout),5,2,2,-0.10032251247503424,2.9117894681008427,field_out,Out
2014,Pre-Statcast (2014 Breakout),7,1,1,-0.3462591512740285,1.9014094764984664,grounded_into_double_play,Out
2014,Pre-Statcast (2014 Breakout),6,3,2,0.4360830076319394,2.5262475411307954,double,Hit
2014,Pre-Statcast (2014 Breakout),2,2,3,-0.06306420709628437,3.4913995899080916,strikeout,Out
2014,Pre-Statcast (2014 Breakout),6,3,2,0.6753463548240777,2.655810351633851,force_out,Out
2014,Pre-Statcast (2014 Breakout),1,1,3,-0.5466730139456663,3.1866890340246075,single,Hit
2014,Pre-Statcast (2014 Breakout),5,2,2,-0.14125577563148717,2.4321599450141296,field_out,Out
2014,Pre-Statcast (2014 Breakout),8,2,1,-0.07137853819980702,1.8360257685114476,double,Hit
2014,Pre-Statcast (2014 Breakout),2,2,3,-0.16701092491430714,3.0749923079731594,single,Hit
2014,Pre-Statcast (2014 Breakout),6,3,2,0.3651270647017924,2.377519626753291,field_out,Out
2014,Pre-Statcast (2014 Breakout),9,3,1,0.6104594895287658,1.7016860223032004,single,Hit
2014,Pre-Statcast (2014 Breakout),4,1,2,-0.5987866942173202,2.715024016095227,double,Hit
2014,Pre-Statcast (2014 Breakout),6,3,2,0.5445115265546843,2.8461781826810406,force_out,Out
2014,Pre-Statcast (2014 Breakout),6,3,2,0.4617327237716628,2.6268879799573233,field_out,Out
2014,Pre-Statcast (2014 Breakout),4,1,2,-0.5115798369752006,2.7056503539591765,field_out,Out
2014,Pre-Statcast (2014 Breakout),2,2,3,0.21945099202894383,3.143150483725604,field_out,Out
2014,Pre-Statcast (2014 Breakout),1,1,3,-0.7801621479064451,3.3409196313095535,strikeout,Out
2014,Pre-Statcast (2014 Breakout),9,3,1,0.6094418090188636,1.911427491577439,strikeout,Out
2014,Pre-Statcast (2014 Breakout),4,1,2,-0.5836553497202372,2.8699365347972705,single,Hit
2014,Pre-Statcast (2014 Breakout),4,1,2,-0.543566373647107,2.3849028327809867,home_run,Hit
2014,Pre-Statcast (2014 Breakout),4,1,2,-0.7428495065805538,2.557215053848622,field_out,Out
2014,Pre-Statcast (2014 Breakout),8,2,1,0.27455864672690256,2.054638872791341,field_out,Out
2014,Pre-Statcast (2014 Breakout),6,3,2,0.5911962509115898,2.981166474823942,double,Hit
2014,Pre-Statcast (2014 Breakout),6,3,2,0.45664568927220983,2.886574111632014,field_out,Out
2014,Pre-Statcast (2014 Breakout),1,1,3,-0.5733394257623671,3.2325307079236776,force_out,Out
2014,Pre-Statcast (2014 Breakout),8,2,1,0.22053196552014365,2.0454910629471192,single,Hit
2014,Pre-Statcast (2014 Breakout),8,2,1,-0.02209006107850641,2.070584378270119,field_out,Out
2014,Pre-Statcast (2014 Breakout),7,1,1,-0.49665854423463374,2.064828234731582,field_out,Out
2014,Pre-Statcast (2014 Breakout),7,1,1,-0.30884735737935165,2.162046483987634,field_out,Out
2014,Pre-Statcast (2014 Breakout),6,3,2,0.37279115739163426,2.6257850591943175,single,Hit
2014,Pre-Statcast (2014 Breakout),4,1,2,-0.7772933567879645,2.555774699864906,field_out,Out
2014,Pre-Statcast (2014 Breakout),4,1,2,-0.30801356836696775,2.48129151519229,home_run,Hit
2014,Pre-Statcast (2014 Breakout),8,2,1,0.05975605598753136,1.6124997311827194,strikeout,Out
2014,Pre-Statcast (2014 Breakout),4,1,2,-0.4483883854393148,2.575014037200802,field_out,Out
2014,Pre-Statcast (2014 Breakout),8,2,1,0.24647075713029587,1.7927538674223853,field_out,Out
2014,Pre-Statcast (2014 Breakout),7,1,1,-0.379723588317502,2.1950529772318395,field_out,Out
2014,Pre-Statcast (2014 Breakout),5,2,2,0.04882248438708328,2.6423558317524223,strikeout,Out
2014,Pre-Statcast (2014 Breakout),8,2,1,-0.06401937744505892,1.9702246735311368,force_out,Out
2014,Pre-Statcast (2014 Breakout),4,1,2,-0.7542014333096906,2.336285905619197,double,Hit
2014,Pre-Statcast (2014 Breakout),5,2,2,-0.03517675708204315,2.492697901086015,single,Hit
2014,Pre-Statcast (2014 Breakout),7,1,1,-0.28318518133325754,1.8970177114808415,strikeout,Out
2014,Pre-Statcast (2014 Breakout),6,3,2,0.37367299076529537,2.579136020910328,strikeout,Out
2014,Pre-Statcast (2014 Breakout),9,3,1,0.6214138926790382,1.7291734370283602,strikeout,Out
2014,Pre-Statcast (2014 Breakout),7,1,1,-0.8059053875653168,2.1639232225778597,field_out,Out
2014,Pre-Statcast (2014 Breakout),5,2,2,-0.05254043958892601,2.403899711435469,field_out,Out
2014,Pre-Statcast (2014 Breakout),2,2,3,-0.27426461330678914,3.268927566140128,strikeout,Out
2014,Pre-Statcast (2014 Breakout),8,2,1,0.2562477883879345,1.7206887558207145,field_out,Out
2014,Pre-Statcast (2014 Breakout),6,3,2,0.6967012500677401,2.933382010870282,force_out,Out
2014,Pre-Statcast (2014 Breakout),5,2,2,0.2605617291758624,2.6804698582193462,double,Hit
2014,Pre-Statcast (2014 Breakout),6,3,2,0.3301011487282218,2.3400299981301287,field_out,Out
2014,Pre-Statcast (2014 Breakout),8,2,1,0.2524886418092682,1.9765543568543769,field_out,Out
2014,Pre-Statcast (2014 Breakout),2,2,3,-0.26748328275417355,3.3945562823700985,strikeout,Out
2014,Pre-Statcast (2014 Breakout),8,2,1,0.1929581716876616,1.8979839784680683,field_out,Out
2014,Pre-Statcast (2014 Breakout),4,1,2,-0.6865543756091745,2.736650129870001,field_out,Out
2014,Pre-Statcast (2014 Breakout),7,1,1,-0.7817867178461082,2.156386370020546,field_out,Out
2014,Pre-Statcast (2014 Breakout),8,2,1,0.22173493423275423,1.6032559915678566,field_out,Out
2014,Pre-Statcast (2014 Breakout),9,3,1,0.32268689569181175,2.0289395803721115,field_out,Out
2014,Pre-Statcast (2014 Breakout),6,3,2,0.4392114658065357,2.741485727272631,strikeout,Out
2014,Pre-Statcast (2014 Breakout),2,2,3,0.14337707769059838,3.1669422987956386,strikeout,Out
2014,Pre-Statcast (2014 Breakout),9,3,1,0.6520475244265718,1.9124817784999828,single,Hit
2014,Pre-Statcast (2014 Breakout),6,3,2,0.3442523024038584,2.5004891633952875,field_out,Out
2014,Pre-Statcast (2014 Breakout),4,1,2,-0.5529948580834352,2.477292265161098,field_out,Out
2014,Pre-Statcast (2014 Breakout),8,2,1,-0.17820921497663544,2.2112084686938513,single,Hit
2014,Pre-Statcast (2014 Breakout),8,2,1,0.06116591462830523,2.1255578515970974,grounded_into_double_play,Out
2014,Pre-Statcast (2014 Breakout),8,2,1,-0.00597367290867489,2.1459631222028976,home_run,Hit
2014,Pre-Statcast (2014 Breakout),6,3,2,0.8093248247770015,2.3790611038026928,grounded_into_double_play,Out
2014,Pre-Statcast (2014 Breakout),8,2,1,-0.02041259716572929,1.8962462984993635,force_out,Out
2014,Pre-Statcast (2014 Breakout),2,2,3,-0.12037838851934002,3.2614522220370215,single,Hit
2014,Pre-Statcast (2014 Breakout),5,2,2,-0.02027538050468813,2.584309760944099,home_run,Hit
2014,Pre-Statcast (2014 Breakout),1,1,3,-0.6125276527894276,3.340594387274638,strikeout,Out
2014,Pre-Statcast (2014 Breakout),5,2,2,-0.02982053364383419,2.480397467198925,single,Hit
2014,Pre-Statcast (2014 Breakout),2,2,3,-0.14139090841483426,3.3647769714067675,force_out,Out
2014,Pre-Statcast (2014 Breakout),8,2,1,-0.22873130527171,2.141191287136423,triple,Hit
2014,Pre-Statcast (2014 Breakout),8,2,1,-0.18053912462024524,1.4823408932483348,field_out,Out
2014,Pre-Statcast (2014 Breakout),9,3,1,0.8052289887861458,1.959449638281256,field_out,Out
2014,Pre-Statcast (2014 Breakout),5,2,2,0.04416661110331257,2.5910736756380905,strikeout,Out
2014,Pre-Statcast (2014 Breakout),2,2,3,2.9591099045322e-4,3.1227595802763592,field_out,Out
2014,Pre-Statcast (2014 Breakout),9,3,1,0.35849991698739325,1.9885965488571116,field_out,Out
2014,Pre-Statcast (2014 Breakout),1,1,3,-0.33906900943167484,3.0426419729916088,double,Hit
2014,Pre-Statcast (2014 Breakout),6,3,2,0.47809036888633977,2.3089833444572267,field_out,Out
2014,Pre-Statcast (2014 Breakout),5,2,2,-0.2498643633829988,2.966790315407663,field_out,Out
2014,Pre-Statcast (2014 Breakout),8,2,1,-0.02687322711512008,1.801537104633003,single,Hit
2014,Pre-Statcast (2014 Breakout),9,3,1,0.46632130831664176,2.102955824240353,single,Hit
2014,Pre-Statcast (2014 Breakout),8,2,1,0.11157131200753916,1.7584034972202982,strikeout,Out
2014,Pre-Statcast (2014 Breakout),9,3,1,0.5668718401843162,1.8774275794314257,field_out,Out
2014,Pre-Statcast (2014 Breakout),3,3,3,0.4297815973539081,3.049416843671536,field_out,Out
2014,Pre-Statcast (2014 Breakout),9,3,1,0.6098340025997179,2.198147576140599,strikeout,Out
2014,Pre-Statcast (2014 Breakout),4,1,2,-0.5438928773963265,2.856519249728396,field_out,Out
2014,Pre-Statcast (2014 Breakout),8,2,1,0.1867375973014739,1.7565135366871762,field_out,Out
2014,Pre-Statcast (2014 Breakout),6,3,2,0.6194329066073458,2.463501818322112,field_out,Out
2014,Pre-Statcast (2014 Breakout),8,2,1,-0.12183382608604382,1.7240428947329312,field_out,Out
2014,Pre-Statcast (2014 Breakout),7,1,1,-0.5431438348903097,1.8213506330338096,single,Hit
2014,Pre-Statcast (2014 Breakout),4,1,2,-0.45827664380817634,2.512897099194179,single,Hit
2014,Pre-Statcast (2014 Breakout),6,3,2,0.5921123131199004,2.349105456379874,strikeout,Out
2014,Pre-Statcast (2014 Breakout),2,2,3,0.1706474512392373,3.354631015743128,single,Hit
2014,Pre-Statcast (2014 Breakout),9,3,1,0.3794695196507301,1.9093810823567112,field_out,Out
2014,Pre-Statcast (2014 Breakout),9,3,1,0.4106222817863616,2.024488228248411,single,Hit
2014,Pre-Statcast (2014 Breakout),4,1,2,-0.539381365182041,2.699543649923128,home_run,Hit
2014,Pre-Statcast (2014 Breakout),8,2,1,-0.11212357875306878,1.7706181965037602,strikeout,Out
2014,Pre-Statcast (2014 Breakout),2,2,3,0.17413392051360554,3.1083381608474627,strikeout,Out
2014,Pre-Statcast (2014 Breakout),5,2,2,-0.10146925704478305,2.560990722845651,strikeout,Out
2014,Pre-Statcast (2014 Breakout),9,3,1,0.3611396166579516,2.101914790462746,single,Hit
2014,Pre-Statcast (2014 Breakout),2,2,3,0.13681009774814634,3.0546268242879115,double,Hit
2014,Pre-Statcast (2014 Breakout),7,1,1,-0.5339230572809526,1.643021863743276,field_out,Out
2014,Pre-Statcast (2014 Breakout),6,3,2,0.6153062261899768,2.4461571936446527,single,Hit
2014,Pre-Statcast (2014 Breakout),1,1,3,-0.6295183094556551,3.00927059989479,single,Hit
2014,Pre-Statcast (2014 Breakout),9,3,1,0.476498049933868,2.173035975522403,field_out,Out
2014,Pre-Statcast (2014 Breakout),5,2,2,-0.03032956175718182,2.560243971270241,triple,Hit
2014,Pre-Statcast (2014 Breakout),4,1,2,-0.32218715679135235,2.919767757474666,single,Hit
2014,Pre-Statcast (2014 Breakout),6,3,2,0.44020422668656023,2.708054986859442,home_run,Hit
2014,Pre-Statcast (2014 Breakout),6,3,2,0.6855972462192161,2.346059927670786,field_out,Out
2014,Pre-Statcast (2014 Breakout),3,3,3,0.5330420548178934,3.052363680245849,field_out,Out
2014,Pre-Statcast (2014 Breakout),7,1,1,-0.3056272778158051,1.8020557426146304,field_out,Out
2014,Pre-Statcast (2014 Breakout),4,1,2,-0.7538462862503207,2.5360455490258222,home_run,Hit
2014,Pre-Statcast (2014 Breakout),1,1,3,-0.4101224099942997,3.3485176882178327,field_out,Out
2014,Pre-Statcast (2014 Breakout),1,1,3,-0.6726756420161457,3.065656779649131,field_out,Out
2014,Pre-Statcast (2014 Breakout),6,3,2,0.29531950012976704,2.8040491470648656,field_out,Out
2014,Pre-Statcast (2014 Breakout),4,1,2,-0.7685155796598137,2.8411329727495023,field_out,Out
2014,Pre-Statcast (2014 Breakout),9,3,1,0.3304575090855346,1.934408935112412,single,Hit
2014,Pre-Statcast (2014 Breakout),8,2,1,-0.21132376218251192,1.494758364831439,field_out,Out
2014,Pre-Statcast (2014 Breakout),4,1,2,-0.7257626567787798,2.9341761607739247,strikeout,Out
2014,Pre-Statcast (2014 Breakout),9,3,1,0.27785778891342516,2.192578882432726,field_out,Out
2014,Pre-Statcast (2014 Breakout),5,2,2,0.17508191175677856,2.3517038657914564,single,Hit
2014,Pre-Statcast (2014 Breakout),5,2,2,-0.26792062124835325,2.44450187811202,home_run,Hit
2014,Pre-Statcast (2014 Breakout),9,3,1,0.49743769811432426,1.8269236407878051,field_out,Out
2014,Pre-Statcast (2014 Breakout),8,2,1,0.08289311840138791,1.8542782000825409,field_out,Out
2014,Pre-Statcast (2014 Breakout),8,2,1,-0.1265848647070991,1.6447177635099677,field_out,Out
2014,Pre-Statcast (2014 Breakout),7,1,1,-0.4329821796070078,1.950351833751036,single,Hit
2014,Pre-Statcast (2014 Breakout),7,1,1,-0.5170716022494868,2.1227345715777655,single,Hit
2014,Pre-Statcast (2014 Breakout),2,2,3,0.06425854034655969,3.130240141961651,field_out,Out
2014,Pre-Statcast (2014 Breakout),8,2,1,-0.15183331701354064,1.964497247381432,double,Hit
2014,Pre-Statcast (2014 Breakout),4,1,2,-0.36367613250893766,2.8423921686834523,single,Hit
2014,Pre-Statcast (2014 Breakout),4,1,2,-0.3949386732912007,2.883877645622838,single,Hit
2014,Pre-Statcast (2014 Breakout),8,2,1,0.1697965175524523,1.5057985442824622,field_out,Out
2014,Pre-Statcast (2014 Breakout),6,3,2,0.6252602914179598,2.6935533954308593,field_out,Out
2014,Pre-Statcast (2014 Breakout),5,2,2,-0.07806620052111668,2.3337102933487204,field_out,Out
2014,Pre-Statcast (2014 Breakout),5,2,2,0.11550220752454184,2.6854845429147742,field_error,Out
2014,Pre-Statcast (2014 Breakout),8,2,1,0.22174774072632264,1.7206983028885454,double,Hit
2014,Pre-Statcast (2014 Breakout),8,2,1,-0.1277877145485744,2.105017766854383,field_out,Out
2014,Pre-Statcast (2014 Breakout),2,2,3,-0.13662634690411954,3.434643560697963,home_run,Hit
2014,Pre-Statcast (2014 Breakout),7,1,1,-0.6234832540243948,1.9384098349138077,home_run,Hit
2014,Pre-Statcast (2014 Breakout),5,2,2,0.01482675914779718,2.521870852524771,double,Hit
2014,Pre-Statcast (2014 Breakout),5,2,2,0.09287749771070924,2.593050331177335,strikeout,Out
2014,Pre-Statcast (2014 Breakout),6,3,2,0.39889127084766424,2.968095403080834,double,Hit
2014,Pre-Statcast (2014 Breakout),8,2,1,-0.03893973391650485,1.9399304643082005,force_out,Out
2014,Pre-Statcast (2014 Breakout),9,3,1,0.39950527567541294,2.0553047071435273,field_error,Out
2014,Pre-Statcast (2014 Breakout),7,1,1,-0.6997103747939969,1.8016059149923955,field_out,Out
2014,Pre-Statcast (2014 Breakout),4,1,2,-0.8153573736762431,2.74803586446033,field_out,Out
2014,Pre-Statcast (2014 Breakout),1,1,3,-0.661115597747238,3.0343745623380634,field_out,Out
2014,Pre-Statcast (2014 Breakout),8,2,1,0.17330213033823488,1.9170987736942904,single,Hit
2014,Pre-Statcast (2014 Breakout),6,3,2,0.5484822791122341,2.895855132148639,strikeout,Out
2014,Pre-Statcast (2014 Breakout),9,3,1,0.5963432466833853,1.762701683608411,grounded_into_double_play,Out
2014,Pre-Statcast (2014 Breakout),5,2,2,-0.1661712508567068,2.6065958462942085,field_out,Out
2014,Pre-Statcast (2014 Breakout),6,3,2,0.7831259783003881,2.3045338384587915,single,Hit
2014,Pre-Statcast (2014 Breakout),5,2,2,0.20198604396366368,2.236547697262988,home_run,Hit
2014,Pre-Statcast (2014 Breakout),8,2,1,0.15291556829063696,2.221452302121483,strikeout,Out
2014,Pre-Statcast (2014 Breakout),5,2,2,0.2045270818204883,2.242147728231439,single,Hit
2014,Pre-Statcast (2014 Breakout),9,3,1,0.37521627631991383,1.996176526596898,single,Hit
2014,Pre-Statcast (2014 Breakout),8,2,1,0.08491206484899921,2.0427573705952007,field_out,Out
2014,Pre-Statcast (2014 Breakout),7,1,1,-0.5152178306504416,2.178589974029497,double,Hit
2014,Pre-Statcast (2014 Breakout),2,2,3,-0.1525393219803638,3.190186107631251,field_out,Out
2014,Pre-Statcast (2014 Breakout),7,1,1,-0.5011867274814912,2.0208704423360073,home_run,Hit
2014,Pre-Statcast (2014 Breakout),7,1,1,-0.4628477535954473,1.6716853153497944,strikeout,Out
2014,Pre-Statcast (2014 Breakout),7,1,1,-0.8215309756300792,2.1018740023662907,strikeout,Out
2014,Pre-Statcast (2014 Breakout),7,1,1,-0.57806348136903285,2.069762629241242,field_out,Out
2014,Pre-Statcast (2014 Breakout),5,2,2,0.00186520002743898,2.281332297723231,field_out,Out
2014,Pre-Statcast (2014 Breakout),8,2,1,0.03318840416596103,1.8428272062031423,double,Hit
2014,Pre-Statcast (2014 Breakout),8,2,1,0.07054123976719084,1.9283324568287337,strikeout,Out
2014,Pre-Statcast (2014 Breakout),4,1,2,-0.6512740573524677,2.5963402688769217,field_out,Out
2014,Pre-Statcast (2014 Breakout),4,1,2,-0.3014918386096106,2.519129977182285,double,Hit
2014,Pre-Statcast (2014 Breakout),1,1,3,-0.4733073149519643,3.1741194951229437,field_out,Out
2014,Pre-Statcast (2014 Breakout),6,3,2,0.4559678495229744,2.7299363139603403,single,Hit
2014,Pre-Statcast (2014 Breakout),1,1,3,-0.4576509504018316,3.411698680681688,strikeout,Out
2014,Pre-Statcast (2014 Breakout),5,2,2,-0.03832208125173181,2.7415009836416417,double,Hit
2014,Pre-Statcast (2014 Breakout),6,3,2,0.6997954818773255,2.802302052718572,single,Hit
2014,Pre-Statcast (2014 Breakout),9,3,1,0.5915547251561847,1.5068000213407469,strikeout,Out
2014,Pre-Statcast (2014 Breakout),4,1,2,-0.3832079392958685,2.6110482501394605,strikeout,Out
2014,Pre-Statcast (2014 Breakout),6,3,2,0.5748360645714969,2.4292659719084018,grounded_into_double_play,Out
2014,Pre-Statcast (2014 Breakout),4,1,2,-0.5016957803281323,2.5610575398770945,force_out,Out
2014,Pre-Statcast (2014 Breakout),6,3,2,0.8041397681640582,2.707798540932638,field_out,Out
2014,Pre-Statcast (2014 Breakout),8,2,1,-0.04097427012090371,1.8727734553314137,strikeout,Out
2014,Pre-Statcast (2014 Breakout),9,3,1,0.475313192941479,2.1479552970023605,strikeout,Out
2014,Pre-Statcast (2014 Breakout),5,2,2,-0.2281200266994332,2.4967798945927075,field_out,Out
2014,Pre-Statcast (2014 Breakout),3,3,3,0.2991566790261423,3.3602616073155245,strikeout,Out
2014,Pre-Statcast (2014 Breakout),4,1,2,-0.5534288933244579,2.5044730881824893,grounded_into_double_play,Out
2014,Pre-Statcast (2014 Breakout),4,1,2,-0.4214445653834815,2.8730780469416572,field_out,Out
2014,Pre-Statcast (2014 Breakout),7,1,1,-0.4224476076612528,1.8204797175758536,force_out,Out
2014,Pre-Statcast (2014 Breakout),6,3,2,0.33470294862931327,2.3983316386482403,single,Hit
2014,Pre-Statcast (2014 Breakout),8,2,1,0.01846205659065325,1.9968243837658468,double,Hit
2014,Pre-Statcast (2014 Breakout),6,3,2,0.6201647105348205,2.960056308394908,field_out,Out
2014,Pre-Statcast (2014 Breakout),5,2,2,0.05320398071672361,2.4132908916138076,single,Hit
2014,Pre-Statcast (2014 Breakout),5,2,2,0.15691257493461297,2.5025144386994875,home_run,Hit
2014,Pre-Statcast (2014 Breakout),6,3,2,0.3916067738354282,2.850597641872204,home_run,Hit
2014,Pre-Statcast (2014 Breakout),4,1,2,-0.7907665126211075,2.9211774711296723,field_out,Out
2014,Pre-Statcast (2014 Breakout),1,1,3,-0.6837708582273307,2.97788403786924,single,Hit
2014,Pre-Statcast (2014 Breakout),7,1,1,-0.2902311552848984,1.905901069237545,double,Hit
2014,Pre-Statcast (2014 Breakout),9,3,1,0.5510869970075489,2.2719867265830622,strikeout,Out
2014,Pre-Statcast (2014 Breakout),8,2,1,-0.1745496226489318,1.9443286474993824,field_out,Out
2014,Pre-Statcast (2014 Breakout),6,3,2,0.3889005851304424,2.3010297211749395,field_out,Out
2014,Pre-Statcast (2014 Breakout),6,3,2,0.3744749477195326,2.5426130495070867,field_out,Out
2014,Pre-Statcast (2014 Breakout),4,1,2,-0.5032598645649672,2.9346592431993352,field_out,Out
2014,Pre-Statcast (2014 Breakout),9,3,1,0.5173855604409511,2.009892595526068,strikeout,Out
2014,Pre-Statcast (2014 Breakout),8,2,1,-0.09665913655983074,1.9983281176036851,strikeout,Out
2014,Pre-Statcast (2014 Breakout),3,3,3,0.3000019864581931,3.379141148583331,field_out,Out
2014,Pre-Statcast (2014 Breakout),1,1,3,-0.6268724654992633,3.0913716339370008,field_out,Out
2014,Pre-Statcast (2014 Breakout),8,2,1,-0.2110643852699683,1.8869531470465195,strikeout,Out
2014,Pre-Statcast (2014 Breakout),1,1,3,-0.4137363603879992,3.253711491716545,field_out,Out
2014,Pre-Statcast (2014 Breakout),5,2,2,0.11093604407420576,2.187291549310914,single,Hit
2014,Pre-Statcast (2014 Breakout),6,3,2,0.34214261797437684,2.733093670126296,force_out,Out
2014,Pre-Statcast (2014 Breakout),4,1,2,-0.6168313155603267,2.475587941871347,single,Hit
2014,Pre-Statcast (2014 Breakout),4,1,2,-0.511667367215348,2.329681455966533,strikeout,Out
2014,Pre-Statcast (2014 Breakout),7,1,1,-0.4028999312193967,1.606343872330764,field_out,Out
2014,Pre-Statcast (2014 Breakout),9,3,1,0.6102966181094918,2.1404913574842053,double,Hit
2014,Pre-Statcast (2014 Breakout),8,2,1,-0.1464773650035891,2.057179592057202,double,Hit
2014,Pre-Statcast (2014 Breakout),8,2,1,-0.16150776049597226,2.057557456158051,double,Hit
2014,Pre-Statcast (2014 Breakout),7,1,1,-0.39739888348080576,2.0950827765635083,field_out,Out
2014,Pre-Statcast (2014 Breakout),3,3,3,0.7176723841734569,3.486502558939371,strikeout,Out
2014,Pre-Statcast (2014 Breakout),3,3,3,0.632659117896347,3.1079767933455704,strikeout,Out
2014,Pre-Statcast (2014 Breakout),2,2,3,0.2548423995526259,2.998511692487277,strikeout,Out
2014,Pre-Statcast (2014 Breakout),9,3,1,0.4425514533523318,2.0547292615183923,single,Hit
2014,Pre-Statcast (2014 Breakout),5,2,2,0.08776528986424192,2.2490819355025877,strikeout,Out
2014,Pre-Statcast (2014 Breakout),4,1,2,-0.370579943428362,2.358904207056305,field_out,Out
2014,Pre-Statcast (2014 Breakout),7,1,1,-0.7285436194677188,2.011348320833455,single,Hit
2014,Pre-Statcast (2014 Breakout),8,2,1,0.08249697593430994,2.1208143911304083,force_out,Out
2014,Pre-Statcast (2014 Breakout),6,3,2,0.8090400645113527,2.2870226063106296,field_out,Out
2018,Post-Statcast (2018 All-Star),4,1,2,-0.3092352275816692,2.777242030546963,home_run,Hit
2018,Post-Statcast (2018 All-Star),7,1,1,-0.7200937264521938,1.7634712185960126,strikeout,Out
2018,Post-Statcast (2018 All-Star),7,1,1,-0.5017774701490482,1.8549311038883425,single,Hit
2018,Post-Statcast (2018 All-Star),7,1,1,-0.4247967083891092,1.7111742357859754,strikeout,Out
2018,Post-Statcast (2018 All-Star),4,1,2,-0.525415941987789,3.049307487316728,single,Hit
2018,Post-Statcast (2018 All-Star),4,1,2,-0.4016512977562882,2.649676366784606,home_run,Hit
2018,Post-Statcast (2018 All-Star),2,2,3,-0.03812943314082995,3.221709783968351,field_out,Out
2018,Post-Statcast (2018 All-Star),4,1,2,-0.4394600969698167,2.3623843284826487,double,Hit
2018,Post-Statcast (2018 All-Star),9,3,1,0.5264100921687964,1.8480054510195465,single,Hit
2018,Post-Statcast (2018 All-Star),5,2,2,-0.03555835790309464,2.9755360260909267,strikeout,Out
2018,Post-Statcast (2018 All-Star),5,2,2,-0.05938218981575294,2.5801968471002925,field_out,Out
2018,Post-Statcast (2018 All-Star),5,2,2,-0.22221818703309024,2.2878705533804977,field_out,Out
2018,Post-Statcast (2018 All-Star),4,1,2,-0.47201181724081653,2.346578428235572,field_out,Out
2018,Post-Statcast (2018 All-Star),4,1,2,-0.3065021414776551,2.563444561736347,field_out,Out
2018,Post-Statcast (2018 All-Star),2,2,3,-0.06225809259061105,3.2495929389413565,field_out,Out
2018,Post-Statcast (2018 All-Star),5,2,2,-0.2555413738145692,2.86721820912268,single,Hit
2018,Post-Statcast (2018 All-Star),5,2,2,0.1869509335411429,2.5847058920766672,grounded_into_double_play,Out
2018,Post-Statcast (2018 All-Star),5,2,2,0.26583265981331533,2.7727001757083523,field_out,Out
2018,Post-Statcast (2018 All-Star),9,3,1,0.7267294028294283,2.137081523631194,single,Hit
2018,Post-Statcast (2018 All-Star),8,2,1,0.09327627433500751,2.1156444751900416,single,Hit
2018,Post-Statcast (2018 All-Star),1,1,3,-0.5976413112966182,3.166462561051494,field_out,Out
2018,Post-Statcast (2018 All-Star),1,1,3,-0.7047434422993645,3.4437189827079973,field_out,Out
2018,Post-Statcast (2018 All-Star),6,3,2,0.4392595485910319,2.330903455025513,triple,Hit
2018,Post-Statcast (2018 All-Star),1,1,3,-0.6035462325667217,2.951870769475593,field_out,Out
2018,Post-Statcast (2018 All-Star),9,3,1,0.43164944820682694,1.6503317258712724,strikeout,Out
2018,Post-Statcast (2018 All-Star),6,3,2,0.4669879222974842,2.6390443687559832,single,Hit
2018,Post-Statcast (2018 All-Star),8,2,1,0.2747821399984085,2.232041856149543,field_out,Out
2018,Post-Statcast (2018 All-Star),8,2,1,0.2694897736198073,1.9160200688252988,single,Hit
2018,Post-Statcast (2018 All-Star),9,3,1,0.619570691937476,1.841418730119809,home_run,Hit
2018,Post-Statcast (2018 All-Star),5,2,2,-0.21292647231449813,2.9044911133913502,field_out,Out
2018,Post-Statcast (2018 All-Star),5,2,2,-0.1983493322611527,3.0130255983061485,field_out,Out
2018,Post-Statcast (2018 All-Star),9,3,1,0.8275294998653115,2.1706891127396424,field_out,Out
2018,Post-Statcast (2018 All-Star),3,3,3,0.585292391848074,3.1044043776974046,home_run,Hit
2018,Post-Statcast (2018 All-Star),7,1,1,-0.29978761432762013,1.9378886896223677,field_out,Out
2018,Post-Statcast (2018 All-Star),1,1,3,-0.4653389765866636,3.49801737224188,field_out,Out
2018,Post-Statcast (2018 All-Star),8,2,1,0.1338789222708796,1.594594726128878,field_out,Out
2018,Post-Statcast (2018 All-Star),2,2,3,0.24038596759369768,3.142495903747607,strikeout,Out
2018,Post-Statcast (2018 All-Star),4,1,2,-0.6081916544206984,2.9394813988496584,field_out,Out
2018,Post-Statcast (2018 All-Star),4,1,2,-0.29572335936676203,2.502755315402502,single,Hit
2018,Post-Statcast (2018 All-Star),8,2,1,-0.204409085125012,2.053691667544073,single,Hit
2018,Post-Statcast (2018 All-Star),1,1,3,-0.5757610794463112,3.2479610237248515,field_out,Out
2018,Post-Statcast (2018 All-Star),1,1,3,-0.7429790347267,2.919499669096224,field_out,Out
2018,Post-Statcast (2018 All-Star),9,3,1,0.36302954201429505,2.362286614779009,grounded_into_double_play,Out
2018,Post-Statcast (2018 All-Star),8,2,1,-0.05244606119097783,2.126297045915498,field_out,Out
2018,Post-Statcast (2018 All-Star),3,3,3,0.4635304105466935,2.8863933258198773,single,Hit
2018,Post-Statcast (2018 All-Star),4,1,2,-0.7070870454976679,2.3267488259206464,field_out,Out
2018,Post-Statcast (2018 All-Star),4,1,2,-0.7958882106566589,2.2144340394580264,single,Hit
2018,Post-Statcast (2018 All-Star),9,3,1,0.6343304801266707,2.318350253200288,single,Hit
2018,Post-Statcast (2018 All-Star),6,3,2,0.773389056339375,2.5612953884396297,field_out,Out
2018,Post-Statcast (2018 All-Star),5,2,2,0.12121607204828928,2.698422280358443,single,Hit
2018,Post-Statcast (2018 All-Star),5,2,2,0.17725001228746706,2.559838048369844,field_out,Out
2018,Post-Statcast (2018 All-Star),7,1,1,-0.6887677931799445,1.883301579975206,strikeout,Out
2018,Post-Statcast (2018 All-Star),2,2,3,-0.2612535207102502,3.2665438693503885,field_out,Out
2018,Post-Statcast (2018 All-Star),1,1,3,-0.48112660521659656,3.036546525582688,field_out,Out
2018,Post-Statcast (2018 All-Star),4,1,2,-0.4180423113195959,2.398028625925373,home_run,Hit
2018,Post-Statcast (2018 All-Star),8,2,1,-0.03670955891489229,2.0556076858363856,field_out,Out
2018,Post-Statcast (2018 All-Star),6,3,2,0.3800324648701386,2.4098522581376463,field_out,Out
2018,Post-Statcast (2018 All-Star),5,2,2,0.14187164819346515,2.453974852245201,single,Hit
2018,Post-Statcast (2018 All-Star),5,2,2,-0.1080558747126219,2.432516129824494,single,Hit
2018,Post-Statcast (2018 All-Star),2,2,3,0.26201059690459316,3.2731750860567344,double,Hit
2018,Post-Statcast (2018 All-Star),9,3,1,0.6227188131098321,1.8221670527683071,strikeout,Out
2018,Post-Statcast (2018 All-Star),8,2,1,-0.00805664764210623,2.01202759137524,field_out,Out
2018,Post-Statcast (2018 All-Star),9,3,1,0.5892468518753677,1.6954452901112802,single,Hit
2018,Post-Statcast (2018 All-Star),2,2,3,0.1322073207118436,3.2905851187294783,strikeout,Out
2018,Post-Statcast (2018 All-Star),9,3,1,0.7612964278720467,2.231033507388862,strikeout,Out
2018,Post-Statcast (2018 All-Star),4,1,2,-0.5288406616059861,2.821672356477844,single,Hit
2018,Post-Statcast (2018 All-Star),4,1,2,-0.7120826549646272,2.8126626707470583,strikeout,Out
2018,Post-Statcast (2018 All-Star),4,1,2,-0.742906233219768,2.3142126295071273,single,Hit
2018,Post-Statcast (2018 All-Star),3,3,3,0.6431385075447832,2.9008164856913057,single,Hit
2018,Post-Statcast (2018 All-Star),4,1,2,-0.313643726288283,2.837672826910866,single,Hit
2018,Post-Statcast (2018 All-Star),5,2,2,-0.24169446089685687,2.4401493726278876,grounded_into_double_play,Out
2018,Post-Statcast (2018 All-Star),2,2,3,0.13235097803307094,3.244813687262666,strikeout,Out
2018,Post-Statcast (2018 All-Star),1,1,3,-0.6310974549493373,2.807761167407052,field_out,Out
2018,Post-Statcast (2018 All-Star),5,2,2,0.06382116820302453,2.2883057040389083,double,Hit
2018,Post-Statcast (2018 All-Star),5,2,2,-0.2514114855663867,2.604768861024514,single,Hit
2018,Post-Statcast (2018 All-Star),6,3,2,0.8287985729671257,2.433056815848275,grounded_into_double_play,Out
2018,Post-Statcast (2018 All-Star),7,1,1,-0.3610497919093287,2.3061611097083947,field_out,Out
2018,Post-Statcast (2018 All-Star),9,3,1,0.398130313354307,1.488771652736121,field_out,Out
2018,Post-Statcast (2018 All-Star),8,2,1,-0.15069780492109247,2.1205462807718036,home_run,Hit
2018,Post-Statcast (2018 All-Star),1,1,3,-0.584067245679648,2.946591059304602,single,Hit
2018,Post-Statcast (2018 All-Star),4,1,2,-0.7901691355539455,2.8884679561601097,field_out,Out
2018,Post-Statcast (2018 All-Star),5,2,2,0.00493302633431586,2.2632421804519387,field_out,Out
2018,Post-Statcast (2018 All-Star),5,2,2,0.00794141046940177,2.371126557730861,field_out,Out
2018,Post-Statcast (2018 All-Star),8,2,1,0.23101497588666553,2.091306212669775,single,Hit
2018,Post-Statcast (2018 All-Star),4,1,2,-0.5933095487324478,2.396434191713581,single,Hit
2018,Post-Statcast (2018 All-Star),5,2,2,-0.07213527658977031,2.471341294543737,field_out,Out
2018,Post-Statcast (2018 All-Star),6,3,2,0.27896074424365724,2.6194872717309554,strikeout,Out
2018,Post-Statcast (2018 All-Star),9,3,1,0.32456312682081573,1.7250915660642234,field_out,Out
2018,Post-Statcast (2018 All-Star),8,2,1,0.07976927156481917,2.352963428940765,home_run,Hit
2018,Post-Statcast (2018 All-Star),8,2,1,0.080898939839118,1.7259976576000486,field_out,Out
2018,Post-Statcast (2018 All-Star),4,1,2,-0.7307468601658047,2.8744006321317777,home_run,Hit
2018,Post-Statcast (2018 All-Star),5,2,2,0.15226178367891752,2.4751748359061816,field_out,Out
2018,Post-Statcast (2018 All-Star),3,3,3,0.3696656173102695,3.4578546619211092,field_out,Out
2018,Post-Statcast (2018 All-Star),5,2,2,0.2682716074386214,2.780558446954439,strikeout,Out
2018,Post-Statcast (2018 All-Star),2,2,3,0.07339521121584991,3.0005568596893375,strikeout,Out
2018,Post-Statcast (2018 All-Star),7,1,1,-0.6643499907723864,1.589660161287998,grounded_into_double_play,Out
2018,Post-Statcast (2018 All-Star),4,1,2,-0.6781821585042027,2.595039154765176,home_run,Hit
2018,Post-Statcast (2018 All-Star),2,2,3,-0.08464994890695565,3.0587003807522235,field_out,Out
2018,Post-Statcast (2018 All-Star),2,2,3,-0.02444455849501903,3.1876817394019215,single,Hit
2018,Post-Statcast (2018 All-Star),4,1,2,-0.7307622608127652,2.4991311345083767,single,Hit
2018,Post-Statcast (2018 All-Star),6,3,2,0.3574050198626602,2.379563503966875,field_out,Out
2018,Post-Statcast (2018 All-Star),4,1,2,-0.6303294801335175,2.2305711665488053,double,Hit
2018,Post-Statcast (2018 All-Star),6,3,2,0.2782785087942883,2.362623558372351,double,Hit
2018,Post-Statcast (2018 All-Star),4,1,2,-0.7726653661874449,2.672856661796256,single,Hit
2018,Post-Statcast (2018 All-Star),3,3,3,0.7532997171552083,3.408654475508208,field_out,Out
2018,Post-Statcast (2018 All-Star),6,3,2,0.6834869757732691,2.3264133287398927,field_out,Out
2018,Post-Statcast (2018 All-Star),2,2,3,-0.26923767205902605,3.2263187522681314,single,Hit
2018,Post-Statcast (2018 All-Star),1,1,3,-0.31806119944649114,3.057835752672842,home_run,Hit
2018,Post-Statcast (2018 All-Star),3,3,3,0.29263938062849715,3.172260102519051,field_out,Out
2018,Post-Statcast (2018 All-Star),4,1,2,-0.3273670584691899,2.3813760006006786,field_out,Out
2018,Post-Statcast (2018 All-Star),5,2,2,0.08039634022866882,2.5468524514035797,field_out,Out
2018,Post-Statcast (2018 All-Star),2,2,3,-0.06456546321212511,3.070815238036067,field_out,Out
2018,Post-Statcast (2018 All-Star),9,3,1,0.46281053220363166,1.9000285404371704,double,Hit
2018,Post-Statcast (2018 All-Star),4,1,2,-0.27836921685808746,2.52558024073703,field_out,Out
2018,Post-Statcast (2018 All-Star),6,3,2,0.7478155501546446,2.651692605357813,single,Hit
2018,Post-Statcast (2018 All-Star),5,2,2,0.1947269930358637,2.3831883485836567,double,Hit
2018,Post-Statcast (2018 All-Star),5,2,2,-0.19473201066435597,2.3774995333488893,double,Hit
2018,Post-Statcast (2018 All-Star),3,3,3,0.6267670377703152,3.2389241431711984,strikeout,Out
2018,Post-Statcast (2018 All-Star),7,1,1,-0.4520976453796173,1.5051389058929674,strikeout,Out
2018,Post-Statcast (2018 All-Star),7,1,1,-0.6217692541037925,2.151936032703331,field_out,Out
2018,Post-Statcast (2018 All-Star),6,3,2,0.6952663289171517,2.512978531203312,field_out,Out
2018,Post-Statcast (2018 All-Star),7,1,1,-0.35227932845587984,1.578730795228283,single,Hit
2018,Post-Statcast (2018 All-Star),7,1,1,-0.286523459973667,1.6666491762946651,double,Hit
2018,Post-Statcast (2018 All-Star),5,2,2,-0.14408621941573452,2.492103876392259,field_out,Out
2018,Post-Statcast (2018 All-Star),8,2,1,0.00531919540536462,1.9807504780449388,home_run,Hit
2018,Post-Statcast (2018 All-Star),2,2,3,-0.2746013107698293,3.1585580354416587,strikeout,Out
2018,Post-Statcast (2018 All-Star),7,1,1,-0.4447757573588291,2.0142927265615085,field_out,Out
2018,Post-Statcast (2018 All-Star),2,2,3,0.0407025494227094,3.023397011118279,single,Hit
2018,Post-Statcast (2018 All-Star),9,3,1,0.45670559975110786,1.5003888018980789,strikeout,Out
2018,Post-Statcast (2018 All-Star),6,3,2,0.816674137642543,2.491528204572917,field_out,Out
2018,Post-Statcast (2018 All-Star),1,1,3,-0.3179456707227821,3.1194146938971077,field_out,Out
2018,Post-Statcast (2018 All-Star),2,2,3,0.10842063445225936,3.0804221327496033,home_run,Hit
2018,Post-Statcast (2018 All-Star),2,2,3,0.12687380358652417,3.5389030607628045,strikeout,Out
2018,Post-Statcast (2018 All-Star),8,2,1,-0.13255947640285093,1.9582397340592568,home_run,Hit
2018,Post-Statcast (2018 All-Star),9,3,1,0.38173806766501617,2.168207764971754,grounded_into_double_play,Out
2018,Post-Statcast (2018 All-Star),4,1,2,-0.6839438041657622,2.808982920670937,field_out,Out
2018,Post-Statcast (2018 All-Star),9,3,1,0.5198966573607702,2.059030207411007,field_out,Out
2018,Post-Statcast (2018 All-Star),6,3,2,0.4367372846894051,2.7006031202353498,field_out,Out
2018,Post-Statcast (2018 All-Star),4,1,2,-0.3100302706806901,2.6738395439131093,field_out,Out
2018,Post-Statcast (2018 All-Star),5,2,2,-0.12392015766324228,2.379404262138862,field_out,Out
2018,Post-Statcast (2018 All-Star),8,2,1,0.01951206368452185,1.660074509900216,home_run,Hit
2018,Post-Statcast (2018 All-Star),3,3,3,0.624695368403593,3.029467646088338,strikeout,Out
2018,Post-Statcast (2018 All-Star),3,3,3,0.5620397124253156,3.400981659078005,field_out,Out
2018,Post-Statcast (2018 All-Star),6,3,2,0.32638966173407824,2.3052095281901552,strikeout,Out
2018,Post-Statcast (2018 All-Star),7,1,1,-0.47219383418360006,1.868023280444554,single,Hit
2018,Post-Statcast (2018 All-Star),2,2,3,-0.1128833236236273,2.8842385031033997,field_out,Out
2018,Post-Statcast (2018 All-Star),4,1,2,-0.7333946944488476,2.415835189461664,double,Hit
2018,Post-Statcast (2018 All-Star),9,3,1,0.3111197058700085,1.78835767124293,strikeout,Out
2018,Post-Statcast (2018 All-Star),5,2,2,-0.11041226973728556,2.428365607577857,fielders_choice,Out
2018,Post-Statcast (2018 All-Star),6,3,2,0.5351051869303719,2.2302164955416144,single,Hit
2018,Post-Statcast (2018 All-Star),8,2,1,-0.05497941119947613,1.823043562796511,double,Hit
2018,Post-Statcast (2018 All-Star),9,3,1,0.6435335824495949,1.791581250135004,grounded_into_double_play,Out
2018,Post-Statcast (2018 All-Star),4,1,2,-0.8014136651378583,2.75255673673595,strikeout,Out
2018,Post-Statcast (2018 All-Star),5,2,2,-0.07700752516144016,2.559646372527926,single,Hit
2018,Post-Statcast (2018 All-Star),6,3,2,0.6712722996656342,2.6500643619474675,grounded_into_double_play,Out
2018,Post-Statcast (2018 All-Star),6,3,2,0.5598167852306786,2.345027664325022,field_out,Out
2018,Post-Statcast (2018 All-Star),7,1,1,-0.40876594641261554,2.1001496362509515,single,Hit
2018,Post-Statcast (2018 All-Star),4,1,2,-0.5695788522999715,2.3682532801203884,home_run,Hit
2018,Post-Statcast (2018 All-Star),9,3,1,0.7798923257492054,2.055572932414523,strikeout,Out
2018,Post-Statcast (2018 All-Star),5,2,2,-0.05207405982973467,2.9962489906331267,double,Hit
2018,Post-Statcast (2018 All-Star),9,3,1,0.4305296341787279,1.6652151147583685,strikeout,Out
2018,Post-Statcast (2018 All-Star),4,1,2,-0.4802117929827022,2.337335240861778,field_out,Out
2018,Post-Statcast (2018 All-Star),7,1,1,-0.8278705002618105,2.2125919777193763,strikeout,Out
2018,Post-Statcast (2018 All-Star),3,3,3,0.40949157029602656,3.243489216739794,home_run,Hit
2018,Post-Statcast (2018 All-Star),6,3,2,0.3372743537217828,2.5077586655141593,field_out,Out
2018,Post-Statcast (2018 All-Star),9,3,1,0.4375965616467992,2.0600514440933178,single,Hit
2018,Post-Statcast (2018 All-Star),8,2,1,-0.0839675504785542,1.6581059011902397,field_out,Out
2018,Post-Statcast (2018 All-Star),9,3,1,0.48672336714394193,1.8693670667138145,double,Hit
2018,Post-Statcast (2018 All-Star),4,1,2,-0.5220049010745679,2.1510107668601752,single,Hit
2018,Post-Statcast (2018 All-Star),2,2,3,0.03056467089478852,3.185587254378206,strikeout,Out
2018,Post-Statcast (2018 All-Star),2,2,3,-0.0360856005250737,3.1368566142046745,field_out,Out
2018,Post-Statcast (2018 All-Star),7,1,1,-0.5842686522739844,1.9207678228538116,single,Hit
2018,Post-Statcast (2018 All-Star),7,1,1,-0.7408375296003491,2.004996539751462,home_run,Hit
2018,Post-Statcast (2018 All-Star),1,1,3,-0.5005889760795879,3.1651763629917467,field_out,Out
2018,Post-Statcast (2018 All-Star),8,2,1,-0.2470697027725126,1.8262576244348003,field_out,Out
2018,Post-Statcast (2018 All-Star),6,3,2,0.7103891215883249,2.2698457328211283,strikeout,Out
2018,Post-Statcast (2018 All-Star),2,2,3,-0.16358024831253215,3.5324842774662732,strikeout,Out
2018,Post-Statcast (2018 All-Star),4,1,2,-0.5461028309728664,2.3823839004931404,single,Hit
2018,Post-Statcast (2018 All-Star),8,2,1,-0.05747880393007149,2.032341433589878,single,Hit
2018,Post-Statcast (2018 All-Star),7,1,1,-0.8066428706007551,1.986156380279932,field_out,Out
2018,Post-Statcast (2018 All-Star),8,2,1,-0.22111650844206457,1.7739696948284809,field_out,Out
2018,Post-Statcast (2018 All-Star),4,1,2,-0.6885298858087834,2.7786188965194047,field_out,Out
2018,Post-Statcast (2018 All-Star),7,1,1,-0.34330420522448934,1.4816968506716433,strikeout,Out
2018,Post-Statcast (2018 All-Star),9,3,1,0.27776156913845296,1.7257007316968322,single,Hit
2018,Post-Statcast (2018 All-Star),5,2,2,0.03644542381113491,2.314869897005096,home_run,Hit
2018,Post-Statcast (2018 All-Star),4,1,2,-0.3173533708696441,2.6277399996986324,field_out,Out
2018,Post-Statcast (2018 All-Star),5,2,2,0.02410946722294377,2.4613911169032914,home_run,Hit
2018,Post-Statcast (2018 All-Star),8,2,1,0.03955572518596528,2.251045786789894,field_out,Out
2018,Post-Statcast (2018 All-Star),8,2,1,0.16742246569635488,1.8660358935848729,field_out,Out
2018,Post-Statcast (2018 All-Star),8,2,1,-0.24342727046308288,1.826106022668541,double,Hit
2018,Post-Statcast (2018 All-Star),1,1,3,-0.3568084326901705,3.4611896359699452,strikeout,Out
2018,Post-Statcast (2018 All-Star),9,3,1,0.3807784113396646,2.329282817671606,force_out,Out
2018,Post-Statcast (2018 All-Star),8,2,1,0.2087157675768476,2.192542075815086,single,Hit
2018,Post-Statcast (2018 All-Star),1,1,3,-0.3216507191277427,2.9160504666667704,double,Hit
2018,Post-Statcast (2018 All-Star),6,3,2,0.7719739470478982,2.0952629935182636,single,Hit
2018,Post-Statcast (2018 All-Star),9,3,1,0.4295049432174758,1.952070247771983,double,Hit
2018,Post-Statcast (2018 All-Star),9,3,1,0.7693683886738989,2.184658767893489,strikeout,Out
2018,Post-Statcast (2018 All-Star),6,3,2,0.6050998264323258,2.472529542457532,double,Hit
2018,Post-Statcast (2018 All-Star),5,2,2,0.16949226337070494,2.5710527620056847,single,Hit
2018,Post-Statcast (2018 All-Star),4,1,2,-0.3365368690072338,2.130148145992111,field_out,Out
2018,Post-Statcast (2018 All-Star),1,1,3,-0.4855321968122991,2.946105772190882,field_out,Out
2018,Post-Statcast (2018 All-Star),4,1,2,-0.28708350874375976,2.5895578358796403,field_out,Out
2018,Post-Statcast (2018 All-Star),8,2,1,0.03805036091833713,1.8411130598319772,single,Hit
2018,Post-Statcast (2018 All-Star),9,3,1,0.47243658917486214,1.629309787435869,single,Hit
2018,Post-Statcast (2018 All-Star),9,3,1,0.5388369418677618,1.953578027057944,field_out,Out
2018,Post-Statcast (2018 All-Star),8,2,1,0.14512083441156887,1.6810151433854863,single,Hit
2018,Post-Statcast (2018 All-Star),8,2,1,-0.2537993892192709,1.4956172254191378,field_out,Out
2018,Post-Statcast (2018 All-Star),8,2,1,0.2187700094717153,2.20502589638686,strikeout,Out
2018,Post-Statcast (2018 All-Star),8,2,1,0.21399983064660533,1.474383143038951,single,Hit
2018,Post-Statcast (2018 All-Star),2,2,3,0.1896142052723061,3.269750079119296,strikeout,Out
2018,Post-Statcast (2018 All-Star),8,2,1,0.23083135104521985,1.8651373443102353,field_out,Out
2018,Post-Statcast (2018 All-Star),7,1,1,-0.3024825345998752,1.7205655579832064,single,Hit
2018,Post-Statcast (2018 All-Star),8,2,1,-0.01252543456909638,2.044524797882285,single,Hit
2018,Post-Statcast (2018 All-Star),7,1,1,-0.5482496523620672,1.5349287280993127,strikeout,Out
2018,Post-Statcast (2018 All-Star),6,3,2,0.2909787826118325,2.7755348192029015,single,Hit
2018,Post-Statcast (2018 All-Star),4,1,2,-0.7645364934644243,2.9509665346212564,field_out,Out
2018,Post-Statcast (2018 All-Star),1,1,3,-0.5985874585464512,3.152157470635746,field_out,Out
2018,Post-Statcast (2018 All-Star),8,2,1,-0.00277012952911548,1.731373342823391,field_out,Out
2018,Post-Statcast (2018 All-Star),4,1,2,-0.7208436691598865,2.637903200069982,single,Hit
2018,Post-Statcast (2018 All-Star),6,3,2,0.3203784359642604,2.505990687523624,strikeout,Out
2018,Post-Statcast (2018 All-Star),8,2,1,-0.22673954795990592,1.7419092039718411,strikeout,Out
2018,Post-Statcast (2018 All-Star),9,3,1,0.6491358181735759,1.7668718363979483,strikeout,Out
2018,Post-Statcast (2018 All-Star),5,2,2,-0.0714987283901082,2.31800729577371,grounded_into_double_play,Out
2018,Post-Statcast (2018 All-Star),4,1,2,-0.766993037519357,2.0896833023788797,force_out,Out
2018,Post-Statcast (2018 All-Star),2,2,3,0.10341500838524904,3.277464051712107,strikeout,Out
2018,Post-Statcast (2018 All-Star),3,3,3,0.5541761982878111,3.0143533375940774,home_run,Hit
2018,Post-Statcast (2018 All-Star),1,1,3,-0.5967023607702119,3.4938743492975304,strikeout,Out
2018,Post-Statcast (2018 All-Star),5,2,2,-0.02142243641613328,2.7573625183004236,single,Hit
2018,Post-Statcast (2018 All-Star),4,1,2,-0.5851999560900675,2.5137182057309926,field_out,Out
2018,Post-Statcast (2018 All-Star),8,2,1,0.23931583601616713,1.7313164995317205,force_out,Out
2018,Post-Statcast (2018 All-Star),4,1,2,-0.3265115561057363,3.025216389275189,single,Hit
2018,Post-Statcast (2018 All-Star),4,1,2,-0.4484118481444004,2.1916748698679163,field_error,Out
2018,Post-Statcast (2018 All-Star),5,2,2,-0.08376146627139834,2.7652503019164953,home_run,Hit
2018,Post-Statcast (2018 All-Star),5,2,2,-0.09121624045866884,2.400819719616522,single,Hit
2018,Post-Statcast (2018 All-Star),1,1,3,-0.3890797983108025,2.979043815462179,field_out,Out
2018,Post-Statcast (2018 All-Star),1,1,3,-0.7719151514214406,3.3073169028479708,double_play,Out
2018,Post-Statcast (2018 All-Star),6,3,2,0.7649138304504515,2.428514082756835,field_out,Out
2018,Post-Statcast (2018 All-Star),9,3,1,0.567539504526903,1.4927417516130477,strikeout,Out
2018,Post-Statcast (2018 All-Star),4,1,2,-0.5501665453739197,2.1859466690652862,single,Hit
2018,Post-Statcast (2018 All-Star),2,2,3,0.03544254757199183,3.51082964759649,strikeout,Out
2018,Post-Statcast (2018 All-Star),5,2,2,0.16673819121068922,2.4724679618276033,single,Hit
2018,Post-Statcast (2018 All-Star),6,3,2,0.4041871227461351,2.307967022405293,field_out,Out
2018,Post-Statcast (2018 All-Star),3,3,3,0.30541250590005353,3.2769126781804534,home_run,Hit
2018,Post-Statcast (2018 All-Star),6,3,2,0.28874477113086544,2.2415589216335423,field_out,Out
2018,Post-Statcast (2018 All-Star),6,3,2,0.6369297981943733,2.98730720555582,field_out,Out
2018,Post-Statcast (2018 All-Star),8,2,1,0.01722607005887644,2.349606494191712,field_out,Out
2018,Post-Statcast (2018 All-Star),9,3,1,0.31761768744891744,1.9143134941570272,field_out,Out
2018,Post-Statcast (2018 All-Star),5,2,2,-0.18248252705840065,2.5675224956977596,home_run,Hit
2018,Post-Statcast (2018 All-Star),9,3,1,0.6445341873200503,1.6117309623827278,field_out,Out
2018,Post-Statcast (2018 All-Star),9,3,1,0.679350116803056,2.0729914350444103,field_out,Out
2018,Post-Statcast (2018 All-Star),3,3,3,0.36289951660416775,3.2857376677683536,strikeout,Out
2018,Post-Statcast (2018 All-Star),2,2,3,-0.04921856395938268,3.5905271657137035,double,Hit
2018,Post-Statcast (2018 All-Star),7,1,1,-0.6278897823281318,2.231527791211062,double,Hit
2018,Post-Statcast (2018 All-Star),4,1,2,-0.7240188695101029,2.225114789182406,home_run,Hit
2018,Post-Statcast (2018 All-Star),5,2,2,0.10887934070024796,2.4228353744991065,field_out,Out
2018,Post-Statcast (2018 All-Star),5,2,2,0.1921935019609464,2.6996201412836487,force_out,Out
2018,Post-Statcast (2018 All-Star),1,1,3,-0.8094737892601824,3.476027314093746,strikeout,Out
2018,Post-Statcast (2018 All-Star),2,2,3,0.14474349756539528,3.0517370348184643,field_out,Out
2018,Post-Statcast (2018 All-Star),5,2,2,-0.16329148430761975,2.354440743648525,field_out,Out
2018,Post-Statcast (2018 All-Star),9,3,1,0.28043062583532663,2.0521475179173585,field_out,Out
2018,Post-Statcast (2018 All-Star),4,1,2,-0.786388622489574,2.2472797303911127,home_run,Hit
2018,Post-Statcast (2018 All-Star),9,3,1,0.3329302550104247,1.472032393178952,field_out,Out
2018,Post-Statcast (2018 All-Star),8,2,1,-0.24404476865482427,1.441086853869018,field_out,Out
2018,Post-Statcast (2018 All-Star),1,1,3,-0.371912151047189,3.1654233066668,field_out,Out
2018,Post-Statcast (2018 All-Star),1,1,3,-0.8264490473142612,3.56258797120849,strikeout,Out
2018,Post-Statcast (2018 All-Star),2,2,3,-0.00726772178767154,2.9918935183086246,field_out,Out
2018,Post-Statcast (2018 All-Star),5,2,2,-0.2665411345059925,2.5155281028149448,field_out,Out
2018,Post-Statcast (2018 All-Star),9,3,1,0.7727970607502275,2.158672445437418,strikeout,Out
2018,Post-Statcast (2018 All-Star),8,2,1,-0.13532236833735545,2.0299163452684468,field_error,Out
2018,Post-Statcast (2018 All-Star),6,3,2,0.5613402569823979,2.8516397369785667,field_out,Out
2018,Post-Statcast (2018 All-Star),3,3,3,0.6978607714315974,3.730944727504979,single,Hit
2018,Post-Statcast (2018 All-Star),4,1,2,-0.34184221060937675,2.429852816946317,home_run,Hit
2018,Post-Statcast (2018 All-Star),2,2,3,-0.01929098385902106,2.9424039148438386,field_out,Out
2018,Post-Statcast (2018 All-Star),4,1,2,-0.7103869603494718,2.210916961335684,home_run,Hit
2018,Post-Statcast (2018 All-Star),9,3,1,0.5924090357019907,1.995168114962239,strikeout,Out
2018,Post-Statcast (2018 All-Star),4,1,2,-0.7471552889289553,2.6440895859377815,strikeout,Out
2018,Post-Statcast (2018 All-Star),8,2,1,-0.0657281943931054,1.7962941719406484,grounded_into_double_play,Out
2018,Post-Statcast (2018 All-Star),5,2,2,-0.23751868408084276,2.0942682009101574,field_out,Out
2018,Post-Statcast (2018 All-Star),3,3,3,0.3735167292771692,2.8684552876065768,double,Hit
2018,Post-Statcast (2018 All-Star),8,2,1,0.05377943826167164,1.6262205455498402,field_out,Out
2018,Post-Statcast (2018 All-Star),9,3,1,0.6801229769479126,1.386476504377725,strikeout,Out
2018,Post-Statcast (2018 All-Star),2,2,3,-0.02905604257962935,3.1058575638739043,grounded_into_double_play,Out
2018,Post-Statcast (2018 All-Star),5,2,2,-0.01816370917929677,2.166982468973016,home_run,Hit
2018,Post-Statcast (2018 All-Star),5,2,2,-0.1379732138623197,2.7098805904233263,field_out,Out
2018,Post-Statcast (2018 All-Star),1,1,3,-0.2831763298923777,3.5795046552944005,field_out,Out
2018,Post-Statcast (2018 All-Star),8,2,1,0.00143857535688401,1.69339785142631,field_error,Out
2018,Post-Statcast (2018 All-Star),5,2,2,-0.06636272709169072,2.494117736895375,strikeout,Out
2018,Post-Statcast (2018 All-Star),5,2,2,-0.1202655022495211,2.539911644339219,single,Hit
2018,Post-Statcast (2018 All-Star),8,2,1,0.03351841028949076,1.973448467074,field_out,Out
2018,Post-Statcast (2018 All-Star),8,2,1,0.13573480723896103,1.437578035868178,single,Hit
2018,Post-Statcast (2018 All-Star),2,2,3,0.12627360875763455,3.508439908596268,home_run,Hit
2018,Post-Statcast (2018 All-Star),8,2,1,-0.20724706628710152,2.079593937335982,home_run,Hit
2018,Post-Statcast (2018 All-Star),5,2,2,-0.191091868134855,2.4121428012836112,single,Hit
2018,Post-Statcast (2018 All-Star),3,3,3,0.5717144434973634,3.261392105934895,strikeout,Out
2018,Post-Statcast (2018 All-Star),6,3,2,0.5127983445599862,2.745605490937298,force_out,Out
2018,Post-Statcast (2018 All-Star),1,1,3,-0.6015933255403482,3.473481300055772,strikeout,Out
2018,Post-Statcast (2018 All-Star),6,3,2,0.5191836965505758,2.8710615104265345,double,Hit
2018,Post-Statcast (2018 All-Star),6,3,2,0.3681482197308188,2.6768080870828816,strikeout,Out
2018,Post-Statcast (2018 All-Star),6,3,2,0.4986844605882582,2.3763930251544148,force_out,Out
2018,Post-Statcast (2018 All-Star),4,1,2,-0.6785278892499031,2.3000050601833792,single,Hit
2018,Post-Statcast (2018 All-Star),5,2,2,-0.01840461091426826,2.243316873130689,double,Hit
2018,Post-Statcast (2018 All-Star),5,2,2,-0.2650899563774573,2.6177963144034986,field_out,Out
2018,Post-Statcast (2018 All-Star),7,1,1,-0.5106522234129247,1.7634536792961664,home_run,Hit
2018,Post-Statcast (2018 All-Star),5,2,2,-0.01267288183642101,2.782379897592147,single,Hit
2018,Post-Statcast (2018 All-Star),7,1,1,-0.6710379499509764,1.950231621915893,field_out,Out
2018,Post-Statcast (2018 All-Star),1,1,3,-0.674498874961857,3.3394357495418903,field_out,Out
2018,Post-Statcast (2018 All-Star),5,2,2,0.04833342005760888,2.168999966763581,single,Hit
2018,Post-Statcast (2018 All-Star),1,1,3,-0.35945996348903964,3.38770923172374,strikeout,Out
2018,Post-Statcast (2018 All-Star),4,1,2,-0.4725244464522491,2.6656908081071387,home_run,Hit
2018,Post-Statcast (2018 All-Star),6,3,2,0.4250022865284554,2.7866540712460504,single,Hit
2018,Post-Statcast (2018 All-Star),2,2,3,-0.04984013421730515,3.039244794405212,single,Hit
2018,Post-Statcast (2018 All-Star),4,1,2,-0.6876756114212226,2.801316353445774,field_out,Out
2018,Post-Statcast (2018 All-Star),9,3,1,0.43993186366947545,1.5701210146191409,strikeout,Out
2018,Post-Statcast (2018 All-Star),7,1,1,-0.45064646501870265,2.192436463148294,single,Hit
2018,Post-Statcast (2018 All-Star),7,1,1,-0.5624960613226184,1.7734762483504514,home_run,Hit
2018,Post-Statcast (2018 All-Star),5,2,2,-0.1499207554092915,2.3750848722862443,field_out,Out
2018,Post-Statcast (2018 All-Star),8,2,1,0.08203510863136865,1.7224521504643158,field_out,Out
2018,Post-Statcast (2018 All-Star),7,1,1,-0.7814621047827559,2.0172280119799746,field_out,Out
2018,Post-Statcast (2018 All-Star),4,1,2,-0.5560650187844365,2.8260053588452294,field_out,Out
2018,Post-Statcast (2018 All-Star),1,1,3,-0.5430142117653687,3.000466196328026,single,Hit
2018,Post-Statcast (2018 All-Star),2,2,3,0.06326790086405776,3.4520919716175644,double,Hit
2018,Post-Statcast (2018 All-Star),6,3,2,0.4383245856988057,2.3336490573247852,single,Hit
2018,Post-Statcast (2018 All-Star),1,1,3,-0.7489523000522915,3.137294728510616,field_out,Out
2018,Post-Statcast (2018 All-Star),5,2,2,-0.1768651513589613,2.6613337771896477,force_out,Out
2018,Post-Statcast (2018 All-Star),7,1,1,-0.5066591427625398,1.9207260458688336,single,Hit
2018,Post-Statcast (2018 All-Star),7,1,1,-0.536927625988814,1.977676867481412,single,Hit
2018,Post-Statcast (2018 All-Star),5,2,2,0.22682587291915135,2.307374366483917,single,Hit
2018,Post-Statcast (2018 All-Star),5,2,2,-0.11457632500930603,2.2507826303519036,single,Hit
2018,Post-Statcast (2018 All-Star),8,2,1,-0.1206688546004604,1.9415003156931805,field_error,Out
2018,Post-Statcast (2018 All-Star),3,3,3,0.6448255691149882,3.2287604055655272,double,Hit
2018,Post-Statcast (2018 All-Star),1,1,3,-0.283620995635215,3.032604934700294,field_error,Out
2018,Post-Statcast (2018 All-Star),9,3,1,0.32305860558741384,1.8624313933708043,strikeout,Out
2018,Post-Statcast (2018 All-Star),2,2,3,0.13824802662771413,3.1847853773273727,single,Hit
2018,Post-Statcast (2018 All-Star),2,2,3,0.01289631478707697,3.1121615715158217,field_out,Out
2018,Post-Statcast (2018 All-Star),6,3,2,0.486495579776184,2.7062264848348585,field_out,Out
2018,Post-Statcast (2018 All-Star),5,2,2,-0.01527895406833135,2.210722218323097,single,Hit
2018,Post-Statcast (2018 All-Star),5,2,2,0.08717231926962077,2.52235356135628,force_out,Out
2018,Post-Statcast (2018 All-Star),8,2,1,-0.1023998559991861,1.7666396822889086,field_out,Out
2018,Post-Statcast (2018 All-Star),2,2,3,-0.05948899317102296,3.023597479593303,field_out,Out
2018,Post-Statcast (2018 All-Star),1,1,3,-0.462722655404502,3.103951438113021,strikeout,Out
2018,Post-Statcast (2018 All-Star),2,2,3,-0.00657795845498221,3.057903937630998,strikeout,Out
2018,Post-Statcast (2018 All-Star),6,3,2,0.5293350471162668,2.473094516391957,strikeout,Out
2018,Post-Statcast (2018 All-Star),9,3,1,0.46206540008527475,2.0599833227434043,field_out,Out
2018,Post-Statcast (2018 All-Star),3,3,3,0.3233911464004229,3.0888154196800204,strikeout,Out
2018,Post-Statcast (2018 All-Star),5,2,2,0.21541155313087024,2.928227256946476,strikeout,Out
2018,Post-Statcast (2018 All-Star),9,3,1,0.3309700533899391,2.085084276865368,double,Hit
2018,Post-Statcast (2018 All-Star),2,2,3,-0.21999941017137023,3.4244067620897978,grounded_into_double_play,Out
2018,Post-Statcast (2018 All-Star),8,2,1,0.00722083596883799,1.7984519161546464,double,Hit
2018,Post-Statcast (2018 All-Star),7,1,1,-0.3102764028326742,1.865819830255176,single,Hit
2018,Post-Statcast (2018 All-Star),8,2,1,-0.04401523462776624,1.9506545075373785,strikeout,Out
2018,Post-Statcast (2018 All-Star),5,2,2,0.2114458052172703,2.83187600825712,single,Hit
2018,Post-Statcast (2018 All-Star),8,2,1,0.2157481387200823,1.3439294470475305,strikeout,Out
2018,Post-Statcast (2018 All-Star),5,2,2,0.1964029120139847,2.824743429847409,home_run,Hit
2018,Post-Statcast (2018 All-Star),8,2,1,-0.21490350819592496,1.760523798049329,single,Hit
2018,Post-Statcast (2018 All-Star),3,3,3,0.2874612121777449,3.480933009179237,single,Hit
2018,Post-Statcast (2018 All-Star),4,1,2,-0.5907626413535354,2.3907839716824437,field_error,Out
2018,Post-Statcast (2018 All-Star),4,1,2,-0.4162367456783892,2.977890364101726,field_out,Out
2018,Post-Statcast (2018 All-Star),4,1,2,-0.5468283719629821,2.6368084935961695,field_out,Out
2018,Post-Statcast (2018 All-Star),1,1,3,-0.7320120121668602,3.066990918717936,field_out,Out
2018,Post-Statcast (2018 All-Star),4,1,2,-0.35694076962458965,2.3168326114242705,double,Hit
2018,Post-Statcast (2018 All-Star),9,3,1,0.4027621998254871,1.3897188603607935,single,Hit
2018,Post-Statcast (2018 All-Star),9,3,1,0.45002955355294794,2.012331086766528,strikeout,Out
2018,Post-Statcast (2018 All-Star),8,2,1,0.06304174604192936,1.878924068749824,field_out,Out
2018,Post-Statcast (2018 All-Star),4,1,2,-0.5558520337698336,2.3174891462681657,field_out,Out
2018,Post-Statcast (2018 All-Star),8,2,1,0.12644930491782946,2.006046130386969,home_run,Hit
2018,Post-Statcast (2018 All-Star),6,3,2,0.6166998657701906,2.1097628395641315,single,Hit
2018,Post-Statcast (2018 All-Star),1,1,3,-0.3099600022635782,3.2616527292551485,field_out,Out
2018,Post-Statcast (2018 All-Star),6,3,2,0.45450836056045407,2.4011005822147675,field_out,Out
2018,Post-Statcast (2018 All-Star),2,2,3,0.04206420539447308,3.616252308118275,double,Hit
2018,Post-Statcast (2018 All-Star),2,2,3,-0.2744793692905495,3.2677787165141217,strikeout,Out
2018,Post-Statcast (2018 All-Star),8,2,1,-0.1562809599712771,2.0045894458647155,field_out,Out
2018,Post-Statcast (2018 All-Star),6,3,2,0.5505116167879817,2.161515202456956,field_out,Out
2018,Post-Statcast (2018 All-Star),5,2,2,0.06759597620114743,2.6046036923431095,single,Hit
2018,Post-Statcast (2018 All-Star),5,2,2,-0.16227916747887472,2.3292650414741187,grounded_into_double_play,Out
2018,Post-Statcast (2018 All-Star),6,3,2,0.531720911122034,2.4818434978553694,triple,Hit
2018,Post-Statcast (2018 All-Star),4,1,2,-0.56462952337432,2.5127918090122456,field_out,Out
2018,Post-Statcast (2018 All-Star),8,2,1,-0.2086211054794812,2.286981170760607,grounded_into_double_play,Out
2018,Post-Statcast (2018 All-Star),6,3,2,0.5927025416078824,2.70919833994314,single,Hit
2018,Post-Statcast (2018 All-Star),9,3,1,0.6419582916493562,1.7072121875154518,field_out,Out
2018,Post-Statcast (2018 All-Star),7,1,1,-0.6096931578900462,2.010309109458935,single,Hit
2018,Post-Statcast (2018 All-Star),7,1,1,-0.6957371702289301,2.2658837967322674,strikeout,Out
2018,Post-Statcast (2018 All-Star),4,1,2,-0.5341658514005077,2.376709809935679,field_out,Out
2018,Post-Statcast (2018 All-Star),8,2,1,-0.0730093379602827,1.857441206276233,strikeout,Out
2018,Post-Statcast (2018 All-Star),4,1,2,-0.4836331546927424,2.690661141246814,single,Hit
2018,Post-Statcast (2018 All-Star),2,2,3,-0.23691382436892833,3.1347927725209237,field_out,Out
2018,Post-Statcast (2018 All-Star),9,3,1,0.6106704678383847,2.22160862582594,double,Hit
2018,Post-Statcast (2018 All-Star),5,2,2,-0.08551397936966199,2.3074595300355116,field_out,Out
2018,Post-Statcast (2018 All-Star),8,2,1,0.1323291381509376,1.603092126519436,field_out,Out
2018,Post-Statcast (2018 All-Star),6,3,2,0.8123057600280799,2.25964712627268,field_out,Out
2018,Post-Statcast (2018 All-Star),8,2,1,0.17551357147104174,1.761025802250885,strikeout,Out
2018,Post-Statcast (2018 All-Star),1,1,3,-0.5197987596457639,3.680733195996822,strikeout,Out
2018,Post-Statcast (2018 All-Star),9,3,1,0.5628309318583711,2.096633411644542,force_out,Out
